                  epoch,         train/box_loss,         train/cls_loss,         train/dfl_loss,   metrics/precision(B),      metrics/recall(B),       metrics/mAP50(B),    metrics/mAP50-95(B),           val/box_loss,           val/cls_loss,           val/dfl_loss,                 lr/pg0,                 lr/pg1,                 lr/pg2
                      1,                 4.3758,                  4.265,                 3.1406,                0.13233,                0.02456,                0.01746,                0.00549,                 3.2498,                 2.8127,                 1.9035,              0.0033251,              0.0033251,              0.0033251
                      2,                 2.8951,                 2.5503,                 1.6629,                0.36517,                0.08504,                0.05069,                0.01957,                  2.617,                 2.3192,                 1.3958,              0.0066255,              0.0066255,              0.0066255
                      3,                 2.4472,                 2.1778,                 1.3901,                0.19784,                0.12444,                0.07872,                0.03596,                 2.2214,                 1.9171,                 1.2499,              0.0098929,              0.0098929,              0.0098929
                      4,                 2.2097,                 1.9506,                 1.2777,                0.16307,                0.14266,                0.10561,                0.05252,                 2.0177,                 1.6917,                 1.1734,              0.0098515,              0.0098515,              0.0098515
                      5,                  2.045,                 1.7718,                 1.2105,                0.28373,                0.14841,                0.12006,                0.06017,                 1.9033,                 1.5514,                 1.1323,              0.0098515,              0.0098515,              0.0098515
                      6,                 1.9504,                 1.6681,                  1.168,                0.20344,                0.17366,                0.13591,                0.06802,                 1.8226,                 1.4708,                 1.1086,               0.009802,               0.009802,               0.009802
                      7,                 1.8829,                 1.5881,                 1.1484,                0.22408,                0.18711,                0.15309,                0.07784,                 1.7766,                 1.3892,                 1.0974,              0.0097525,              0.0097525,              0.0097525
                      8,                 1.8331,                 1.5285,                 1.1271,                0.24193,                0.19668,                0.16483,                0.08423,                  1.712,                 1.3573,                 1.0778,               0.009703,               0.009703,               0.009703
                      9,                  1.786,                 1.4842,                 1.1149,                0.25739,                0.20561,                 0.1752,                0.09205,                 1.6666,                 1.3076,                 1.0637,              0.0096535,              0.0096535,              0.0096535
                     10,                 1.7518,                   1.44,                 1.1027,                0.27549,                0.21219,                0.18057,                0.09636,                 1.6601,                 1.2894,                 1.0645,               0.009604,               0.009604,               0.009604
                     11,                 1.7354,                 1.4198,                 1.1007,                 0.2915,                0.21043,                0.18901,                0.09962,                 1.6176,                  1.261,                 1.0485,              0.0095545,              0.0095545,              0.0095545
                     12,                 1.6947,                 1.3813,                 1.0906,                0.29537,                0.22023,                 0.1974,                0.10453,                 1.6092,                 1.2499,                 1.0431,               0.009505,               0.009505,               0.009505
                     13,                 1.6888,                 1.3666,                 1.0817,                0.30665,                0.22702,                0.20283,                0.10725,                 1.5846,                 1.2302,                 1.0375,              0.0094555,              0.0094555,              0.0094555
                     14,                 1.6753,                 1.3453,                 1.0758,                0.31785,                0.23396,                0.21065,                0.11174,                 1.5668,                 1.1992,                 1.0301,               0.009406,               0.009406,               0.009406
                     15,                 1.6554,                 1.3237,                 1.0705,                0.30854,                0.23535,                0.21242,                0.11368,                 1.5534,                 1.1972,                 1.0294,              0.0093565,              0.0093565,              0.0093565
                     16,                 1.6391,                 1.3095,                 1.0669,                 0.3068,                0.23187,                0.21149,                0.11372,                 1.5555,                 1.1975,                 1.0268,               0.009307,               0.009307,               0.009307
                     17,                 1.6303,                 1.2963,                 1.0639,                0.31123,                0.24101,                0.22051,                0.11897,                 1.5296,                 1.1715,                 1.0158,              0.0092575,              0.0092575,              0.0092575
                     18,                 1.6211,                 1.2854,                 1.0569,                 0.3148,                0.24506,                0.22213,                0.12057,                 1.5307,                 1.1799,                 1.0192,               0.009208,               0.009208,               0.009208
                     19,                 1.6078,                 1.2651,                 1.0516,                0.33077,                0.24872,                0.23099,                0.12597,                 1.5111,                 1.1513,                 1.0147,              0.0091585,              0.0091585,              0.0091585
                     20,                 1.5923,                 1.2483,                 1.0522,                0.31965,                0.25267,                0.23259,                 0.1274,                 1.4994,                 1.1297,                 1.0077,               0.009109,               0.009109,               0.009109
                     21,                  1.587,                 1.2458,                 1.0473,                0.34125,                0.25488,                0.23199,                0.12649,                 1.5049,                 1.1421,                 1.0091,              0.0090595,              0.0090595,              0.0090595
                     22,                 1.5799,                 1.2397,                 1.0449,                0.33761,                0.25681,                0.23321,                0.12778,                  1.498,                 1.1368,                 1.0109,                0.00901,                0.00901,                0.00901
                     23,                 1.5644,                 1.2202,                 1.0403,                0.32773,                0.26109,                0.23992,                0.13238,                 1.4779,                 1.1222,                 1.0045,              0.0089605,              0.0089605,              0.0089605
                     24,                 1.5597,                 1.2148,                 1.0382,                0.35042,                 0.2594,                0.24339,                0.13492,                   1.47,                 1.1117,                 1.0022,               0.008911,               0.008911,               0.008911
                     25,                 1.5511,                 1.2056,                 1.0373,                0.33722,                 0.2601,                0.24068,                0.13302,                 1.4624,                 1.1146,                0.99677,              0.0088615,              0.0088615,              0.0088615
                     26,                 1.5501,                 1.2038,                 1.0357,                0.35624,                0.25905,                0.24706,                0.13757,                 1.4625,                 1.1019,                0.99488,               0.008812,               0.008812,               0.008812
                     27,                 1.5344,                  1.192,                 1.0333,                0.34061,                0.27474,                0.25422,                0.14043,                 1.4445,                 1.0961,                0.99282,              0.0087625,              0.0087625,              0.0087625
                     28,                 1.5367,                 1.1859,                 1.0323,                0.34357,                0.26006,                0.24624,                0.13746,                 1.4511,                 1.0982,                0.99461,               0.008713,               0.008713,               0.008713
                     29,                  1.531,                 1.1801,                 1.0309,                0.35741,                0.27112,                0.25067,                0.13988,                 1.4468,                 1.0922,                0.99447,              0.0086635,              0.0086635,              0.0086635
                     30,                 1.5224,                 1.1669,                  1.025,                 0.3713,                0.26737,                 0.2547,                0.14148,                 1.4434,                 1.0884,                0.99307,               0.008614,               0.008614,               0.008614
                     31,                  1.525,                 1.1744,                 1.0281,                0.35402,                0.27404,                0.25682,                0.14341,                 1.4387,                 1.0801,                 0.9911,              0.0085645,              0.0085645,              0.0085645
                     32,                 1.5172,                 1.1618,                 1.0218,                0.37029,                0.27258,                0.26003,                0.14478,                 1.4345,                 1.0708,                0.99181,               0.008515,               0.008515,               0.008515
                     33,                 1.5148,                 1.1649,                 1.0271,                0.36332,                0.27504,                0.25768,                 0.1446,                 1.4284,                 1.0685,                0.98758,              0.0084655,              0.0084655,              0.0084655
                     34,                 1.5075,                 1.1475,                 1.0204,                0.35494,                0.27212,                0.25713,                 0.1438,                 1.4264,                 1.0663,                0.98822,               0.008416,               0.008416,               0.008416
                     35,                 1.4986,                 1.1467,                 1.0204,                 0.3549,                0.28043,                0.26178,                0.14603,                 1.4213,                 1.0651,                0.98626,              0.0083665,              0.0083665,              0.0083665
                     36,                 1.5054,                 1.1447,                 1.0203,                0.37072,                0.28431,                0.26631,                0.14908,                 1.4168,                 1.0621,                0.98531,               0.008317,               0.008317,               0.008317
                     37,                 1.4964,                  1.137,                 1.0158,                  0.378,                0.27532,                0.26293,                0.14845,                 1.4102,                 1.0588,                0.98095,              0.0082675,              0.0082675,              0.0082675
                     38,                 1.4858,                 1.1287,                 1.0145,                0.37362,                0.28246,                0.26832,                0.15085,                  1.411,                 1.0549,                0.98071,               0.008218,               0.008218,               0.008218
                     39,                 1.4854,                 1.1301,                 1.0183,                0.36635,                0.27967,                0.26761,                0.15057,                 1.4108,                 1.0551,                0.98031,              0.0081685,              0.0081685,              0.0081685
                     40,                 1.4789,                 1.1247,                 1.0138,                0.37939,                0.28499,                 0.2699,                0.15157,                 1.3968,                 1.0448,                0.97652,               0.008119,               0.008119,               0.008119
                     41,                  1.485,                 1.1246,                 1.0151,                0.36983,                0.28524,                0.27187,                0.15264,                 1.4008,                 1.0398,                0.97832,              0.0080695,              0.0080695,              0.0080695
                     42,                 1.4763,                 1.1117,                 1.0117,                0.36378,                0.28991,                 0.2701,                0.15273,                 1.3968,                 1.0455,                0.97734,                0.00802,                0.00802,                0.00802
                     43,                 1.4782,                 1.1141,                 1.0119,                0.38587,                0.28625,                0.27668,                0.15512,                 1.3923,                 1.0365,                 0.9747,              0.0079705,              0.0079705,              0.0079705
                     44,                 1.4791,                  1.119,                 1.0088,                0.38517,                0.28741,                0.27393,                0.15619,                 1.3935,                 1.0319,                0.97657,               0.007921,               0.007921,               0.007921
                     45,                 1.4765,                 1.1102,                 1.0122,                0.38331,                0.29153,                0.27723,                0.15643,                 1.3913,                 1.0274,                0.97299,              0.0078715,              0.0078715,              0.0078715
                     46,                 1.4683,                 1.1011,                 1.0085,                0.38213,                 0.2919,                 0.2769,                0.15736,                  1.384,                 1.0247,                0.97202,               0.007822,               0.007822,               0.007822
                     47,                 1.4689,                 1.1063,                 1.0098,                0.38248,                0.28809,                0.27677,                0.15675,                 1.3833,                 1.0299,                0.97241,              0.0077725,              0.0077725,              0.0077725
                     48,                 1.4568,                 1.0998,                 1.0099,                0.37777,                0.28921,                0.27714,                0.15696,                 1.3811,                 1.0284,                0.97287,               0.007723,               0.007723,               0.007723
                     49,                 1.4532,                 1.0938,                  1.004,                0.38037,                0.29516,                0.27905,                0.15789,                 1.3815,                   1.03,                0.97284,              0.0076735,              0.0076735,              0.0076735
                     50,                 1.4517,                 1.0897,                 1.0043,                0.38708,                0.29357,                0.28023,                0.16022,                  1.375,                 1.0217,                0.97104,               0.007624,               0.007624,               0.007624
                     51,                 1.4502,                 1.0872,                 1.0023,                0.39707,                0.29451,                0.28165,                0.15992,                 1.3781,                 1.0231,                0.97228,              0.0075745,              0.0075745,              0.0075745
                     52,                 1.4447,                 1.0806,                 1.0015,                0.38667,                0.30052,                 0.2857,                0.16236,                  1.374,                 1.0136,                0.97023,               0.007525,               0.007525,               0.007525
                     53,                 1.4516,                  1.086,                 1.0029,                0.39495,                0.29496,                 0.2845,                0.16111,                 1.3759,                 1.0171,                0.97194,              0.0074755,              0.0074755,              0.0074755
                     54,                 1.4462,                 1.0721,                 1.0004,                0.38557,                0.29954,                0.28669,                0.16353,                 1.3654,                 1.0105,                 0.9686,               0.007426,               0.007426,               0.007426
                     55,                 1.4374,                 1.0767,                0.99966,                0.38104,                0.29783,                0.28684,                0.16391,                 1.3667,                 1.0103,                0.96918,              0.0073765,              0.0073765,              0.0073765
                     56,                 1.4315,                 1.0694,                 0.9996,                0.38978,                0.30038,                0.28758,                0.16355,                 1.3666,                 1.0106,                0.96869,               0.007327,               0.007327,               0.007327
                     57,                 1.4369,                  1.068,                 1.0005,                0.40082,                0.30073,                0.28884,                0.16418,                 1.3636,                  1.007,                0.96757,              0.0072775,              0.0072775,              0.0072775
                     58,                 1.4334,                 1.0688,                 1.0003,                0.40721,                0.29625,                 0.2884,                0.16436,                 1.3634,                 1.0051,                0.96781,               0.007228,               0.007228,               0.007228
                     59,                 1.4382,                 1.0679,                0.99793,                0.39701,                0.29927,                0.28847,                0.16364,                 1.3631,                 1.0023,                0.96698,              0.0071785,              0.0071785,              0.0071785
                     60,                 1.4341,                 1.0655,                0.99893,                0.39809,                0.29695,                0.29004,                0.16612,                 1.3606,                 1.0012,                0.96865,               0.007129,               0.007129,               0.007129
                     61,                 1.4242,                  1.058,                0.99906,                0.40135,                0.30377,                0.29273,                0.16667,                 1.3549,                0.99517,                0.96587,              0.0070795,              0.0070795,              0.0070795
                     62,                 1.4233,                 1.0573,                0.99568,                0.40806,                0.29917,                0.29174,                0.16712,                 1.3623,                0.99675,                0.96779,                0.00703,                0.00703,                0.00703
                     63,                 1.4273,                 1.0588,                0.99672,                0.39611,                0.30761,                0.29301,                0.16713,                 1.3538,                0.99609,                0.96505,              0.0069805,              0.0069805,              0.0069805
                     64,                 1.4248,                 1.0555,                0.99484,                0.40255,                0.30292,                0.29145,                0.16671,                 1.3559,                0.99671,                0.96631,               0.006931,               0.006931,               0.006931
                     65,                 1.4241,                 1.0509,                0.99529,                0.40848,                0.30447,                0.29675,                0.16821,                 1.3544,                 0.9943,                0.96548,              0.0068815,              0.0068815,              0.0068815
                     66,                 1.4204,                 1.0521,                0.99576,                0.39897,                0.30627,                0.29673,                0.16968,                 1.3486,                 0.9923,                0.96304,               0.006832,               0.006832,               0.006832
                     67,                 1.4149,                 1.0415,                0.99362,                0.40172,                0.30598,                 0.2946,                0.16884,                 1.3459,                0.99026,                0.96348,              0.0067825,              0.0067825,              0.0067825
                     68,                  1.421,                  1.048,                 0.9919,                0.40349,                   0.31,                0.29813,                 0.1707,                 1.3462,                0.99007,                0.96147,               0.006733,               0.006733,               0.006733
                     69,                 1.4133,                 1.0465,                0.99568,                0.40002,                0.30971,                0.29768,                0.17088,                 1.3465,                0.98656,                0.96238,              0.0066835,              0.0066835,              0.0066835
                     70,                  1.416,                  1.046,                0.99048,                0.40756,                0.30645,                0.29837,                0.17118,                 1.3468,                0.98561,                0.96319,               0.006634,               0.006634,               0.006634
                     71,                 1.4167,                 1.0393,                0.99239,                0.41083,                 0.3073,                0.29807,                0.17109,                 1.3442,                0.98601,                0.96336,              0.0065845,              0.0065845,              0.0065845
                     72,                 1.4205,                 1.0484,                0.99056,                0.40601,                0.30429,                0.29742,                 0.1708,                 1.3413,                 0.9848,                0.96175,               0.006535,               0.006535,               0.006535
                     73,                 1.4044,                 1.0306,                0.99181,                0.40912,                0.30632,                0.29896,                0.17142,                 1.3428,                0.98546,                0.96195,              0.0064855,              0.0064855,              0.0064855
                     74,                 1.4079,                 1.0363,                0.99049,                 0.4101,                0.30721,                0.29966,                 0.1734,                 1.3386,                0.98237,                0.96019,               0.006436,               0.006436,               0.006436
                     75,                 1.4014,                 1.0305,                0.98933,                0.40875,                0.30967,                0.30064,                0.17242,                 1.3398,                0.97991,                0.96071,              0.0063865,              0.0063865,              0.0063865
                     76,                 1.3977,                 1.0226,                0.99091,                0.40609,                0.31033,                0.30268,                0.17398,                 1.3415,                0.97968,                0.96149,               0.006337,               0.006337,               0.006337
                     77,                 1.4058,                 1.0314,                 0.9884,                0.40723,                0.31138,                0.30274,                 0.1743,                 1.3374,                0.97728,                0.96074,              0.0062875,              0.0062875,              0.0062875
                     78,                 1.4004,                 1.0259,                0.98872,                0.40768,                0.31182,                 0.3021,                0.17337,                 1.3394,                0.97595,                0.96133,               0.006238,               0.006238,               0.006238
                     79,                  1.396,                  1.023,                0.98624,                 0.4079,                0.31384,                 0.3022,                0.17387,                 1.3378,                0.97863,                0.96082,              0.0061885,              0.0061885,              0.0061885
                     80,                 1.4015,                  1.028,                0.98857,                0.41006,                0.31033,                0.30421,                0.17466,                 1.3373,                0.97583,                0.95964,               0.006139,               0.006139,               0.006139
                     81,                   1.39,                 1.0157,                0.98697,                0.41502,                0.31247,                 0.3046,                0.17571,                 1.3319,                0.97313,                0.95893,              0.0060895,              0.0060895,              0.0060895
                     82,                 1.3955,                 1.0179,                  0.988,                0.42652,                 0.3112,                0.30623,                0.17631,                 1.3315,                0.97216,                0.95897,                0.00604,                0.00604,                0.00604
                     83,                  1.391,                  1.013,                0.98678,                0.41806,                0.31007,                0.30544,                0.17635,                 1.3296,                0.97197,                0.95785,              0.0059905,              0.0059905,              0.0059905
                     84,                 1.3979,                 1.0188,                0.98328,                0.41597,                0.31039,                0.30497,                0.17571,                 1.3295,                0.96962,                0.95822,               0.005941,               0.005941,               0.005941
                     85,                 1.3858,                 1.0059,                0.98496,                0.41867,                0.31274,                0.30562,                 0.1764,                  1.329,                0.96809,                0.95746,              0.0058915,              0.0058915,              0.0058915
                     86,                 1.3861,                  1.009,                0.98464,                0.41406,                0.31201,                0.30395,                0.17497,                   1.33,                0.96904,                0.95784,               0.005842,               0.005842,               0.005842
                     87,                 1.3906,                 1.0096,                0.98476,                0.41856,                0.30902,                0.30537,                0.17638,                 1.3295,                0.97034,                0.95737,              0.0057925,              0.0057925,              0.0057925
                     88,                 1.3837,                 1.0059,                0.98263,                0.41679,                0.31416,                0.30721,                 0.1773,                 1.3269,                0.96615,                0.95625,               0.005743,               0.005743,               0.005743
                     89,                 1.3876,                 1.0113,                0.98396,                0.42129,                0.31198,                0.30775,                0.17788,                 1.3255,                0.96469,                0.95557,              0.0056935,              0.0056935,              0.0056935
                     90,                  1.385,                 1.0076,                0.98248,                0.42118,                 0.3133,                0.30779,                0.17773,                 1.3219,                0.96591,                 0.9551,               0.005644,               0.005644,               0.005644
                     91,                 1.3786,                0.99938,                0.98358,                0.40934,                0.31663,                0.30761,                0.17722,                 1.3238,                0.96816,                0.95543,              0.0055945,              0.0055945,              0.0055945
                     92,                 1.3795,                 1.0028,                0.98297,                0.41556,                0.31364,                0.30651,                 0.1766,                 1.3222,                0.96498,                0.95479,               0.005545,               0.005545,               0.005545
                     93,                  1.382,                 1.0051,                0.98353,                0.42135,                0.31434,                0.30944,                0.17762,                 1.3227,                0.96355,                0.95482,              0.0054955,              0.0054955,              0.0054955
                     94,                  1.381,                0.99906,                0.98338,                0.41597,                 0.3157,                0.30961,                0.17804,                 1.3216,                0.96176,                  0.954,               0.005446,               0.005446,               0.005446
                     95,                 1.3709,                0.99435,                0.97906,                 0.4204,                0.31679,                 0.3117,                0.17916,                 1.3206,                0.96039,                0.95348,              0.0053965,              0.0053965,              0.0053965
                     96,                 1.3728,                0.99483,                0.98203,                0.41423,                0.32401,                0.31254,                0.17999,                  1.321,                0.96175,                 0.9547,               0.005347,               0.005347,               0.005347
                     97,                 1.3776,                0.99434,                 0.9808,                0.41494,                0.32399,                0.31205,                0.17935,                 1.3211,                0.96194,                0.95438,              0.0052975,              0.0052975,              0.0052975
                     98,                 1.3737,                0.99495,                0.98356,                0.41274,                0.32367,                0.31081,                0.17881,                 1.3213,                  0.963,                0.95436,               0.005248,               0.005248,               0.005248
                     99,                 1.3891,                 1.0022,                0.97854,                0.41399,                0.32504,                0.31217,                0.17966,                 1.3254,                0.96357,                0.95449,              0.0051985,              0.0051985,              0.0051985
                    100,                 1.4047,                 1.0164,                0.97869,                0.41608,                0.32221,                0.31259,                0.18023,                 1.3401,                0.97494,                0.95414,               0.005149,               0.005149,               0.005149
                    101,                 1.4003,                 1.0132,                0.97453,                0.41288,                0.32439,                0.31311,                0.18069,                 1.3489,                0.98447,                0.95378,              0.0050995,              0.0050995,              0.0050995
                    102,                 1.4109,                  1.025,                0.97505,                0.41337,                0.32481,                0.31364,                0.18107,                 1.3533,                0.99157,                0.95309,                0.00505,                0.00505,                0.00505
                    103,                 1.4057,                 1.0198,                0.97304,                0.41655,                 0.3253,                0.31489,                0.18199,                 1.3549,                0.99508,                0.95182,              0.0050005,              0.0050005,              0.0050005
                    104,                 1.4082,                 1.0253,                0.97385,                0.41858,                0.32457,                0.31529,                0.18159,                 1.3571,                0.99898,                0.95099,               0.004951,               0.004951,               0.004951
                    105,                  1.411,                 1.0234,                0.97322,                0.42057,                0.32488,                 0.3151,                0.18153,                 1.3584,                0.99985,                0.95001,              0.0049015,              0.0049015,              0.0049015
                    106,                  1.412,                 1.0299,                0.97075,                0.41944,                0.32476,                0.31472,                0.18168,                 1.3576,                 1.0006,                0.94873,               0.004852,               0.004852,               0.004852
                    107,                 1.4097,                 1.0255,                0.96907,                0.41673,                0.32368,                0.31475,                0.18173,                 1.3569,                 1.0002,                0.94793,              0.0048025,              0.0048025,              0.0048025
                    108,                 1.4005,                 1.0201,                 0.9665,                 0.4219,                0.32136,                0.31561,                0.18224,                 1.3546,                0.99762,                0.94683,               0.004753,               0.004753,               0.004753
                    109,                 1.3989,                 1.0158,                0.96857,                0.41968,                0.32427,                 0.3163,                0.18342,                 1.3525,                 0.9951,                0.94598,              0.0047035,              0.0047035,              0.0047035
                    110,                 1.3937,                 1.0166,                0.96425,                 0.4208,                0.32489,                0.31662,                0.18331,                 1.3506,                0.99271,                0.94485,               0.004654,               0.004654,               0.004654
                    111,                 1.3968,                  1.019,                0.96483,                0.41979,                0.32432,                 0.3176,                0.18378,                 1.3498,                0.99213,                0.94399,              0.0046045,              0.0046045,              0.0046045
                    112,                 1.3963,                 1.0204,                0.96405,                0.42856,                0.32223,                0.31753,                0.18395,                 1.3484,                0.99112,                0.94331,               0.004555,               0.004555,               0.004555
                    113,                 1.3984,                 1.0144,                0.96679,                0.42609,                0.32224,                0.31786,                0.18439,                 1.3469,                0.98926,                0.94275,              0.0045055,              0.0045055,              0.0045055
                    114,                 1.3976,                 1.0153,                0.96316,                0.42054,                0.32464,                0.31799,                0.18381,                 1.3471,                0.98851,                0.94273,               0.004456,               0.004456,               0.004456
                    115,                 1.3921,                 1.0025,                 0.9599,                0.42738,                0.32399,                 0.3192,                0.18429,                 1.3464,                0.98758,                0.94242,              0.0044065,              0.0044065,              0.0044065
                    116,                  1.398,                 1.0107,                0.96467,                0.42736,                0.32462,                0.31888,                0.18427,                 1.3456,                0.98689,                0.94194,               0.004357,               0.004357,               0.004357
                    117,                 1.3899,                 1.0036,                0.96034,                0.42944,                0.32396,                0.31834,                0.18399,                 1.3453,                  0.987,                0.94192,              0.0043075,              0.0043075,              0.0043075
                    118,                 1.3856,                 1.0045,                0.96015,                0.42391,                0.32419,                0.31848,                0.18396,                 1.3453,                0.98721,                0.94167,               0.004258,               0.004258,               0.004258
                    119,                 1.3837,                  1.006,                0.96224,                0.42702,                0.32121,                 0.3187,                0.18414,                 1.3447,                0.98621,                0.94134,              0.0042085,              0.0042085,              0.0042085
                    120,                 1.3846,                 1.0026,                0.96211,                0.42811,                0.32241,                0.31925,                0.18457,                 1.3432,                0.98516,                0.94098,               0.004159,               0.004159,               0.004159
                    121,                 1.3856,                  1.002,                0.96032,                0.42547,                0.32295,                0.31909,                0.18498,                 1.3428,                0.98379,                0.94092,              0.0041095,              0.0041095,              0.0041095
                    122,                  1.388,                 1.0026,                0.95996,                0.42423,                0.32478,                0.31946,                0.18492,                 1.3416,                0.98282,                0.94055,                0.00406,                0.00406,                0.00406
                    123,                 1.3892,                 1.0021,                0.95988,                0.42406,                0.32502,                0.31901,                0.18506,                 1.3406,                0.98232,                0.94009,              0.0040105,              0.0040105,              0.0040105
                    124,                  1.381,                0.99883,                0.96001,                 0.4275,                0.32593,                0.32056,                0.18557,                 1.3403,                0.98191,                0.93994,               0.003961,               0.003961,               0.003961
                    125,                 1.3761,                0.99573,                0.95766,                0.42599,                0.32799,                0.32031,                0.18543,                 1.3389,                 0.9808,                0.93929,              0.0039115,              0.0039115,              0.0039115
                    126,                 1.3782,                0.99412,                0.95847,                0.42969,                0.32627,                0.32063,                0.18566,                 1.3391,                0.98046,                0.93908,               0.003862,               0.003862,               0.003862
                    127,                 1.3819,                0.99626,                0.95927,                0.42584,                0.32932,                0.32135,                0.18607,                 1.3395,                0.98041,                0.93897,              0.0038125,              0.0038125,              0.0038125
                    128,                 1.3733,                0.98883,                0.95662,                0.42515,                0.33128,                0.32199,                0.18651,                 1.3383,                0.97962,                0.93881,               0.003763,               0.003763,               0.003763
                    129,                 1.3723,                0.98711,                 0.9553,                 0.4247,                0.32932,                0.32191,                0.18668,                 1.3378,                 0.9788,                0.93861,              0.0037135,              0.0037135,              0.0037135
                    130,                 1.3744,                0.98898,                 0.9572,                0.42675,                 0.3282,                0.32209,                0.18685,                 1.3377,                0.97868,                 0.9383,               0.003664,               0.003664,               0.003664
                    131,                 1.3741,                0.98914,                0.95605,                0.42883,                0.32777,                0.32265,                0.18672,                 1.3377,                0.97838,                0.93829,              0.0036145,              0.0036145,              0.0036145
                    132,                 1.3751,                0.98716,                0.95805,                0.42795,                 0.3286,                0.32309,                0.18688,                  1.337,                0.97767,                0.93811,               0.003565,               0.003565,               0.003565
                    133,                 1.3744,                 0.9895,                0.95822,                0.42882,                0.32849,                0.32292,                0.18676,                 1.3371,                0.97732,                0.93794,              0.0035155,              0.0035155,              0.0035155
                    134,                 1.3755,                0.98728,                0.95375,                0.42902,                0.32936,                  0.323,                0.18687,                 1.3368,                0.97677,                0.93795,               0.003466,               0.003466,               0.003466
                    135,                 1.3768,                0.98828,                0.95394,                0.42961,                0.32849,                0.32279,                0.18667,                 1.3362,                0.97643,                 0.9378,              0.0034165,              0.0034165,              0.0034165
                    136,                 1.3704,                0.98154,                 0.9551,                0.42997,                0.32803,                0.32284,                 0.1869,                  1.336,                0.97657,                0.93783,               0.003367,               0.003367,               0.003367
                    137,                 1.3643,                0.97919,                 0.9537,                0.42902,                0.32796,                0.32317,                0.18708,                 1.3357,                0.97651,                0.93776,              0.0033175,              0.0033175,              0.0033175
                    138,                 1.3719,                0.98144,                 0.9559,                0.43092,                0.32682,                0.32343,                0.18697,                 1.3357,                0.97635,                 0.9377,               0.003268,               0.003268,               0.003268
                    139,                 1.3661,                0.97748,                0.95417,                0.43107,                0.32751,                0.32298,                0.18711,                 1.3354,                0.97608,                0.93772,              0.0032185,              0.0032185,              0.0032185
                    140,                 1.3623,                 0.9751,                0.95307,                0.43221,                0.32708,                0.32305,                0.18723,                 1.3352,                0.97587,                0.93769,               0.003169,               0.003169,               0.003169
                    141,                 1.3688,                 0.9749,                0.95499,                0.43394,                0.32698,                0.32328,                0.18728,                 1.3347,                0.97576,                0.93745,              0.0031195,              0.0031195,              0.0031195
                    142,                 1.3659,                0.97604,                0.95406,                0.43581,                 0.3279,                0.32347,                0.18746,                 1.3346,                0.97532,                0.93728,                0.00307,                0.00307,                0.00307
                    143,                 1.3607,                0.97102,                0.95223,                 0.4334,                0.32871,                0.32361,                0.18754,                 1.3341,                0.97489,                0.93708,              0.0030205,              0.0030205,              0.0030205
                    144,                 1.3676,                0.97798,                0.95319,                0.43552,                0.32833,                0.32389,                0.18778,                 1.3339,                0.97448,                0.93706,               0.002971,               0.002971,               0.002971
                    145,                  1.358,                0.97069,                0.95322,                0.43646,                0.32741,                0.32384,                0.18779,                 1.3336,                0.97422,                0.93713,              0.0029215,              0.0029215,              0.0029215
                    146,                 1.3567,                0.96525,                 0.9512,                0.43502,                  0.328,                0.32381,                0.18767,                 1.3336,                0.97398,                0.93709,               0.002872,               0.002872,               0.002872
                    147,                 1.3557,                0.96753,                 0.9529,                0.43389,                0.32887,                0.32355,                0.18739,                 1.3335,                0.97385,                0.93697,              0.0028225,              0.0028225,              0.0028225
                    148,                 1.3696,                0.97321,                0.95322,                0.43323,                0.32897,                0.32385,                0.18755,                 1.3338,                0.97365,                0.93713,               0.002773,               0.002773,               0.002773
                    149,                 1.3559,                0.96504,                0.95179,                0.43248,                 0.3282,                0.32403,                0.18779,                 1.3339,                0.97346,                0.93696,              0.0027235,              0.0027235,              0.0027235
                    150,                 1.3591,                0.96665,                0.95401,                0.43434,                0.32774,                0.32442,                0.18809,                 1.3334,                0.97337,                0.93677,               0.002674,               0.002674,               0.002674
                    151,                 1.3526,                0.96046,                0.95276,                 0.4359,                0.32746,                0.32409,                0.18792,                  1.333,                0.97322,                0.93659,              0.0026245,              0.0026245,              0.0026245
                    152,                 1.3508,                0.96118,                0.95134,                0.43644,                0.32628,                0.32439,                0.18811,                 1.3329,                0.97297,                0.93649,               0.002575,               0.002575,               0.002575
                    153,                 1.3621,                0.96141,                0.94994,                0.43724,                0.32612,                0.32434,                 0.1881,                  1.333,                0.97277,                0.93648,              0.0025255,              0.0025255,              0.0025255
                    154,                 1.3528,                0.95813,                0.94821,                0.43446,                0.32662,                0.32434,                0.18822,                 1.3326,                0.97267,                0.93639,               0.002476,               0.002476,               0.002476
                    155,                   1.35,                0.95829,                0.95012,                0.43844,                0.32544,                0.32454,                0.18812,                 1.3324,                0.97255,                0.93637,              0.0024265,              0.0024265,              0.0024265
                    156,                 1.3525,                0.95852,                0.95023,                0.43915,                 0.3256,                0.32427,                0.18828,                  1.332,                0.97261,                0.93631,               0.002377,               0.002377,               0.002377
                    157,                 1.3503,                0.95688,                0.94951,                0.43877,                 0.3257,                0.32455,                0.18837,                 1.3319,                0.97227,                0.93627,              0.0023275,              0.0023275,              0.0023275
                    158,                 1.3477,                0.95221,                0.94953,                0.43615,                0.32777,                0.32442,                0.18828,                  1.332,                0.97196,                0.93633,               0.002278,               0.002278,               0.002278
                    159,                 1.3512,                0.95829,                0.94927,                0.43624,                0.32807,                0.32453,                0.18837,                 1.3318,                0.97179,                0.93623,              0.0022285,              0.0022285,              0.0022285
                    160,                 1.3499,                0.95623,                0.94841,                0.43868,                0.32743,                0.32472,                 0.1885,                 1.3316,                0.97159,                0.93627,               0.002179,               0.002179,               0.002179
                    161,                 1.3433,                0.95334,                0.95034,                0.43862,                0.32736,                0.32465,                0.18826,                 1.3315,                0.97144,                 0.9362,              0.0021295,              0.0021295,              0.0021295
                    162,                 1.3508,                0.95188,                0.95037,                0.43759,                0.32852,                0.32458,                0.18835,                 1.3313,                0.97118,                0.93618,                0.00208,                0.00208,                0.00208
                    163,                 1.3439,                0.94989,                0.94848,                0.43783,                0.32814,                0.32492,                0.18845,                 1.3312,                0.97095,                0.93615,              0.0020305,              0.0020305,              0.0020305
                    164,                 1.3432,                0.94855,                0.94827,                0.43938,                0.32689,                0.32499,                0.18871,                 1.3311,                 0.9709,                0.93609,               0.001981,               0.001981,               0.001981
                    165,                 1.3454,                0.94447,                 0.9471,                0.43941,                0.32687,                0.32515,                0.18872,                  1.331,                0.97097,                0.93611,              0.0019315,              0.0019315,              0.0019315
                    166,                 1.3444,                0.95142,                0.94737,                0.43918,                0.32717,                0.32524,                0.18877,                 1.3308,                0.97097,                0.93603,               0.001882,               0.001882,               0.001882
                    167,                 1.3436,                0.94783,                0.94625,                0.43605,                 0.3291,                0.32531,                0.18878,                 1.3303,                0.97084,                0.93591,              0.0018325,              0.0018325,              0.0018325
                    168,                  1.343,                0.94399,                0.94508,                0.43586,                0.32882,                 0.3253,                0.18891,                 1.3304,                0.97077,                0.93593,               0.001783,               0.001783,               0.001783
                    169,                 1.3391,                0.94036,                0.94227,                0.43812,                0.32807,                0.32558,                0.18911,                 1.3305,                0.97089,                0.93594,              0.0017335,              0.0017335,              0.0017335
                    170,                 1.3452,                0.95096,                0.94747,                0.43686,                0.32881,                0.32575,                0.18925,                   1.33,                0.97064,                0.93587,               0.001684,               0.001684,               0.001684
                    171,                 1.3397,                0.94084,                0.94379,                0.43617,                0.32873,                 0.3255,                0.18913,                 1.3301,                0.97069,                0.93597,              0.0016345,              0.0016345,              0.0016345
                    172,                 1.3347,                0.93809,                0.94503,                0.43628,                0.32901,                0.32574,                0.18926,                   1.33,                0.97055,                 0.9359,               0.001585,               0.001585,               0.001585
                    173,                 1.3413,                0.94133,                0.94618,                0.43689,                0.32907,                0.32587,                0.18933,                 1.3297,                0.97037,                0.93589,              0.0015355,              0.0015355,              0.0015355
                    174,                 1.3438,                0.93961,                0.94484,                 0.4368,                 0.3291,                0.32604,                0.18931,                 1.3297,                 0.9701,                0.93586,               0.001486,               0.001486,               0.001486
                    175,                 1.3441,                0.94385,                0.94511,                0.43507,                0.33039,                0.32591,                 0.1894,                 1.3297,                0.97008,                0.93586,              0.0014365,              0.0014365,              0.0014365
                    176,                 1.3294,                0.93057,                0.94418,                0.43517,                0.33046,                0.32573,                0.18946,                 1.3295,                0.97005,                0.93581,               0.001387,               0.001387,               0.001387
                    177,                 1.3393,                0.93717,                0.94488,                0.43475,                0.33055,                0.32598,                0.18975,                 1.3296,                0.97001,                0.93581,              0.0013375,              0.0013375,              0.0013375
                    178,                 1.3346,                0.93865,                0.94681,                0.43609,                0.32916,                0.32603,                0.18967,                 1.3297,                0.96966,                0.93579,               0.001288,               0.001288,               0.001288
                    179,                 1.3324,                0.93288,                0.94455,                0.43568,                0.32933,                0.32598,                0.18974,                 1.3294,                0.96971,                0.93573,              0.0012385,              0.0012385,              0.0012385
                    180,                 1.3332,                0.93606,                0.94457,                 0.4378,                0.32887,                0.32609,                0.18985,                 1.3293,                 0.9696,                 0.9357,               0.001189,               0.001189,               0.001189
                    181,                 1.3287,                0.93112,                0.94419,                0.43904,                0.32791,                0.32615,                0.18997,                 1.3294,                0.96956,                0.93575,              0.0011395,              0.0011395,              0.0011395
                    182,                 1.3263,                0.92885,                0.94412,                0.44023,                0.32774,                0.32643,                0.19009,                 1.3293,                0.96969,                 0.9357,                0.00109,                0.00109,                0.00109
                    183,                  1.333,                0.92747,                0.94377,                0.44055,                  0.328,                0.32667,                0.19025,                 1.3294,                0.96951,                0.93565,              0.0010405,              0.0010405,              0.0010405
                    184,                 1.3306,                0.92883,                0.94291,                0.44054,                0.32835,                0.32679,                0.19031,                 1.3294,                0.96936,                0.93566,               0.000991,               0.000991,               0.000991
                    185,                 1.3288,                0.93127,                0.94243,                0.43817,                0.32904,                0.32685,                0.19038,                 1.3294,                0.96941,                0.93568,              0.0009415,              0.0009415,              0.0009415
                    186,                 1.3271,                0.92555,                0.94383,                0.43806,                0.32919,                0.32695,                0.19022,                 1.3293,                0.96919,                0.93559,               0.000892,               0.000892,               0.000892
                    187,                 1.3228,                0.92025,                0.94239,                0.44056,                0.32834,                0.32688,                0.19028,                 1.3291,                0.96891,                0.93558,              0.0008425,              0.0008425,              0.0008425
                    188,                 1.3276,                 0.9262,                0.94091,                0.43887,                0.32933,                0.32714,                 0.1901,                 1.3293,                0.96921,                0.93555,               0.000793,               0.000793,               0.000793
                    189,                 1.3207,                0.91926,                0.93934,                0.43796,                 0.3293,                0.32707,                0.19024,                 1.3289,                0.96893,                0.93543,              0.0007435,              0.0007435,              0.0007435
                    190,                 1.3258,                0.92169,                0.94456,                0.43755,                0.32879,                0.32705,                0.19041,                  1.329,                0.96907,                0.93549,               0.000694,               0.000694,               0.000694
                    191,                 1.3114,                0.90635,                0.95099,                0.43885,                0.32779,                0.32666,                0.19017,                 1.3288,                0.96915,                0.93549,              0.0006445,              0.0006445,              0.0006445
                    192,                 1.2958,                0.88981,                0.94599,                0.43857,                0.32768,                0.32668,                0.19015,                 1.3289,                0.96927,                0.93544,               0.000595,               0.000595,               0.000595
                    193,                 1.2933,                0.88732,                0.94403,                0.43918,                0.32801,                0.32685,                0.19013,                 1.3289,                0.96933,                0.93537,              0.0005455,              0.0005455,              0.0005455
                    194,                 1.2931,                0.88206,                 0.9456,                 0.4364,                0.32835,                0.32673,                0.19021,                 1.3286,                0.96918,                0.93535,               0.000496,               0.000496,               0.000496
                    195,                 1.2961,                0.88318,                 0.9449,                0.43699,                 0.3285,                0.32683,                0.19025,                 1.3287,                0.96921,                0.93538,              0.0004465,              0.0004465,              0.0004465
                    196,                 1.2898,                0.88034,                 0.9442,                0.43811,                0.32766,                0.32667,                0.19018,                 1.3289,                0.96919,                0.93537,               0.000397,               0.000397,               0.000397
                    197,                 1.2841,                0.87616,                0.94207,                0.43824,                 0.3278,                0.32684,                0.19039,                 1.3289,                 0.9691,                0.93527,              0.0003475,              0.0003475,              0.0003475
                    198,                 1.2811,                0.87201,                 0.9438,                0.43729,                0.32848,                0.32669,                0.19029,                 1.3289,                0.96905,                0.93532,               0.000298,               0.000298,               0.000298
                    199,                 1.2847,                 0.8739,                0.94309,                0.43774,                0.32852,                0.32668,                0.19014,                 1.3288,                0.96899,                0.93524,              0.0002485,              0.0002485,              0.0002485
                    200,                 1.2876,                0.87531,                0.94194,                0.43903,                0.32908,                0.32696,                 0.1902,                 1.3291,                0.96929,                0.93546,               0.000199,               0.000199,               0.000199
